확인 그룹,CSV 번호,제품ID/파일,항목 경로,화면 위치,현재 표기,비교 CSV 번호,확인 항목,판정,확인 내용,제안 표기
C01,2987,vdm,seriesNote,시리즈 안내,"메인프레임 9종(카탈로그 기준)과 4포트 입출력 보드, HDBaseT·광 전송기로 구성한다.","2994, 2995, 2998, 3074",VDM 프레임 9종 / 10종,확인 필요,카탈로그 기준 9종과 매뉴얼 추가 VDM-256X를 포함한 10종의 집계 범위 차이. lead는 10종이나 overview/features는 9종. 어느 범위를 화면 대표 수량으로 삼을지 확인.,수정 제안 없음 — 근거 확인 후 판단
C01,2994,vdm,lead,01 한눈에 보기,HDMI·HDBaseT·광·3G-SDI를 **한 프레임에서 섞어 쓰는** 크로스 플랫폼 매트릭스입니다. 8×8부터 288×288까지 10가지 프레임으로 소규모 회의실부터 대형 상황실까지 대응합니다.,"2987, 2995, 2998, 3074",VDM 프레임 9종 / 10종,확인 필요,카탈로그 기준 9종과 매뉴얼 추가 VDM-256X를 포함한 10종의 집계 범위 차이. lead는 10종이나 overview/features는 9종. 어느 범위를 화면 대표 수량으로 삼을지 확인.,수정 제안 없음 — 근거 확인 후 판단
C01,2995,vdm,overview,01 개요,"VDM(Variety Digital Matrix Switcher) 시리즈는 디지털 인터페이스인 HDMI, CATx, Fiber, 3G/6G-SDI, DVI와 아날로그 인터페이스인 VGA까지 다양한 입출력 신호를 지원하는 모듈형 크로스 플랫폼 매트릭스 스위처다. 어떤 인터페이스로 입력해도 원하는 인터페이스로 출력할 수 있어 별도의 신호변환기가 필요 없고, 입출력 슬롯을 통해 영상·음성·제어신호를 장거리 전송할 수 있다.

입출력 슬롯의 오디오 단자로 임베디드 오디오를 추출하거나 외부 오디오를 병합할 수 있으며, 후면에 별도 장착하는 오디오 매트릭스를 쓰면 오디오 병합·추출·입출력을 더 자유롭게 구성할 수 있다. 내장 패턴 제너레이터로 설치·운용 중 입력 채널 모니터링과 출력 채널 이상 유무를 확인할 수 있다.

메인프레임은 8x8부터 288x288까지 9가지다. 전면 LCD 터치패널, RS-232, LAN으로 제어하며, 터치패널에서 파워모듈과 CPU 상태, 입력 소스 해상도, 출력 디스플레이 정보와 설정을 확인할 수 있다. 모든 메인프레임에 듀얼 리던던트 파워와 파워 핫스왑이 기본 적용된다.","2987, 2994, 2998, 3074",VDM 프레임 9종 / 10종,확인 필요,카탈로그 기준 9종과 매뉴얼 추가 VDM-256X를 포함한 10종의 집계 범위 차이. lead는 10종이나 overview/features는 9종. 어느 범위를 화면 대표 수량으로 삼을지 확인.,수정 제안 없음 — 근거 확인 후 판단
C01,2998,vdm,features[1].text,05 주요 기능,8x8부터 288x288까지 메인프레임 9종,"2987, 2994, 2995, 3074",VDM 프레임 9종 / 10종,확인 필요,카탈로그 기준 9종과 매뉴얼 추가 VDM-256X를 포함한 10종의 집계 범위 차이. lead는 10종이나 overview/features는 9종. 어느 범위를 화면 대표 수량으로 삼을지 확인.,수정 제안 없음 — 근거 확인 후 판단
C01,3074,vdm,lineup[9].model,시리즈 라인업,VDM-256X,"2987, 2994, 2995, 2998",VDM 프레임 9종 / 10종,확인 필요,카탈로그 기준 9종과 매뉴얼 추가 VDM-256X를 포함한 10종의 집계 범위 차이. lead는 10종이나 overview/features는 9종. 어느 범위를 화면 대표 수량으로 삼을지 확인.,수정 제안 없음 — 근거 확인 후 판단
C02,3018,vdm,specifications[3].value,04 제품 사양,"8, 16, 32, 48, 64, 80, 128, 180, 288","3022, 3074, 3076, 4068, 4078",VDM-256X의 입력·출력 대표 목록 누락,확인 필요,라인업·구성기에는 256×256이 있으나 시리즈 입력·출력 채널 값에는 256이 없음. 카탈로그 9종만의 목록인지 포함 범위 확인.,수정 제안 없음 — 근거 확인 후 판단
C02,3022,vdm,specifications[4].value,04 제품 사양,"8, 16, 32, 48, 64, 80, 128, 180, 288","3018, 3074, 3076, 4068, 4078",VDM-256X의 입력·출력 대표 목록 누락,확인 필요,라인업·구성기에는 256×256이 있으나 시리즈 입력·출력 채널 값에는 256이 없음. 카탈로그 9종만의 목록인지 포함 범위 확인.,수정 제안 없음 — 근거 확인 후 판단
C02,3074,vdm,lineup[9].model,시리즈 라인업,VDM-256X,"3018, 3022, 3076, 4068, 4078",VDM-256X의 입력·출력 대표 목록 누락,확인 필요,라인업·구성기에는 256×256이 있으나 시리즈 입력·출력 채널 값에는 256이 없음. 카탈로그 9종만의 목록인지 포함 범위 확인.,수정 제안 없음 — 근거 확인 후 판단
C02,3076,vdm,lineup[9].summary,시리즈 라인업,256×256 · 2랙 폭 39RU · 매뉴얼 기준(카탈로그 미수록),"3018, 3022, 3074, 4068, 4078",VDM-256X의 입력·출력 대표 목록 누락,확인 필요,라인업·구성기에는 256×256이 있으나 시리즈 입력·출력 채널 값에는 256이 없음. 카탈로그 9종만의 목록인지 포함 범위 확인.,수정 제안 없음 — 근거 확인 후 판단
C02,4068,VDM,models[9],구성기 제품군·프레임·카드 목록,VDM-256X,"3018, 3022, 3074, 3076, 4078",VDM-256X의 입력·출력 대표 목록 누락,확인 필요,라인업·구성기에는 256×256이 있으나 시리즈 입력·출력 채널 값에는 256이 없음. 카탈로그 9종만의 목록인지 포함 범위 확인.,수정 제안 없음 — 근거 확인 후 판단
C02,4078,VDM,modelNotes[9],구성기 제품군·프레임·카드 목록,256 입력 / 256 출력 · 2랙 폭 39RU,"3018, 3022, 3074, 3076, 4068",VDM-256X의 입력·출력 대표 목록 누락,확인 필요,라인업·구성기에는 256×256이 있으나 시리즈 입력·출력 채널 값에는 256이 없음. 카탈로그 9종만의 목록인지 포함 범위 확인.,수정 제안 없음 — 근거 확인 후 판단
C03,2913,spx,lineup[7].model,시리즈 라인업,SPX-HOS10,"2916, 2919, 4047, 4050, 4053, 4957",SPX 출력 카드 3종 / 4종,확인 필요,"CSV의 출력 모델은 SPX-HOS10, SPX-HOS12, SPX-COS12 3종인데 구성 검토 문구는 출력 카드 4종. 미노출 1종 또는 설명 잔존 여부 확인.",수정 제안 없음 — 근거 확인 후 판단
C03,2916,spx,lineup[8].model,시리즈 라인업,SPX-HOS12,"2913, 2919, 4047, 4050, 4053, 4957",SPX 출력 카드 3종 / 4종,확인 필요,"CSV의 출력 모델은 SPX-HOS10, SPX-HOS12, SPX-COS12 3종인데 구성 검토 문구는 출력 카드 4종. 미노출 1종 또는 설명 잔존 여부 확인.",수정 제안 없음 — 근거 확인 후 판단
C03,2919,spx,lineup[9].model,시리즈 라인업,SPX-COS12,"2913, 2916, 4047, 4050, 4053, 4957",SPX 출력 카드 3종 / 4종,확인 필요,"CSV의 출력 모델은 SPX-HOS10, SPX-HOS12, SPX-COS12 3종인데 구성 검토 문구는 출력 카드 4종. 미노출 1종 또는 설명 잔존 여부 확인.",수정 제안 없음 — 근거 확인 후 판단
C03,4047,SPX,output[1][1],구성기 제품군·프레임·카드 목록,SPX-HOS10,"2913, 2916, 2919, 4050, 4053, 4957",SPX 출력 카드 3종 / 4종,확인 필요,"CSV의 출력 모델은 SPX-HOS10, SPX-HOS12, SPX-COS12 3종인데 구성 검토 문구는 출력 카드 4종. 미노출 1종 또는 설명 잔존 여부 확인.",수정 제안 없음 — 근거 확인 후 판단
C03,4050,SPX,output[2][1],구성기 제품군·프레임·카드 목록,SPX-HOS12,"2913, 2916, 2919, 4047, 4053, 4957",SPX 출력 카드 3종 / 4종,확인 필요,"CSV의 출력 모델은 SPX-HOS10, SPX-HOS12, SPX-COS12 3종인데 구성 검토 문구는 출력 카드 4종. 미노출 1종 또는 설명 잔존 여부 확인.",수정 제안 없음 — 근거 확인 후 판단
C03,4053,SPX,output[3][1],구성기 제품군·프레임·카드 목록,SPX-COS12,"2913, 2916, 2919, 4047, 4050, 4957",SPX 출력 카드 3종 / 4종,확인 필요,"CSV의 출력 모델은 SPX-HOS10, SPX-HOS12, SPX-COS12 3종인데 구성 검토 문구는 출력 카드 4종. 미노출 1종 또는 설명 잔존 여부 확인.",수정 제안 없음 — 근거 확인 후 판단
C03,4957,core.js,line 240,src/core.js 240행,SPX 출력 카드 4종은 모든 프레임에 장착할 수 있습니다(매뉴얼 p.11). 카드 혼합 조건과 전송기 판매 SKU는 확인해야 합니다.,"2913, 2916, 2919, 4047, 4050, 4053",SPX 출력 카드 3종 / 4종,확인 필요,"CSV의 출력 모델은 SPX-HOS10, SPX-HOS12, SPX-COS12 3종인데 구성 검토 문구는 출력 카드 4종. 미노출 1종 또는 설명 잔존 여부 확인.",수정 제안 없음 — 근거 확인 후 판단
C04,678,ft103-u-h-fr103-u,overview,01 개요,"FT103-U-H와 FR103-U는 비디오와 오디오, RS-232 신호를 광케이블을 통해 장거리 전송하기 위한 벽부형 송신기와 수신기다. FT103-U-H는 비디오·오디오·RS-232 신호를 광신호로 변환하고, FR103-U는 광신호를 다시 비디오·오디오·RS-232 신호로 복원한다. 두 제품 모두 디지털 신호인 DVI 또는 HDMI를 지원한다.

광신호를 사용해 최대 2km까지 전송할 수 있으며, 외부 신호의 영향으로부터 안전하게 신호를 전송할 수 있어 보안이 필요한 기업이나 군부대, 정부기관 등에 적합한 전송장비다. 사용자 매뉴얼 기준 지원 해상도는 최대 Ultra 4K 3840x2160 24/25/30Hz다(카탈로그 해상도 표는 1080p까지만 적음).","684, 710",FT103-U-H/FR103-U 해상도 근거 차이,확인 필요,"개요에 사용자 매뉴얼은 4K 24/25/30Hz, 카탈로그 해상도 표는 1080p까지만 표기한다고 명시. 제공 CSV 내부에 이미 자료 간 차이가 기록됨. 어느 자료를 적용하는지 확인; 수치 변경 제안 없음.",수정 제안 없음 — 근거 확인 후 판단
C04,684,ft103-u-h-fr103-u,features[4].text,05 주요 기능,최대 Ultra 4K 3840x2160 30Hz 지원,"678, 710",FT103-U-H/FR103-U 해상도 근거 차이,확인 필요,"개요에 사용자 매뉴얼은 4K 24/25/30Hz, 카탈로그 해상도 표는 1080p까지만 표기한다고 명시. 제공 CSV 내부에 이미 자료 간 차이가 기록됨. 어느 자료를 적용하는지 확인; 수치 변경 제안 없음.",수정 제안 없음 — 근거 확인 후 판단
C04,710,ft103-u-h-fr103-u,specifications[6].value,04 제품 사양,최대 Ultra 4K 3840x2160p 24/25/30Hz 4:4:4,"678, 684",FT103-U-H/FR103-U 해상도 근거 차이,확인 필요,"개요에 사용자 매뉴얼은 4K 24/25/30Hz, 카탈로그 해상도 표는 1080p까지만 표기한다고 명시. 제공 CSV 내부에 이미 자료 간 차이가 기록됨. 어느 자료를 적용하는지 확인; 수치 변경 제안 없음.",수정 제안 없음 — 근거 확인 후 판단
C05,3554,xdm-ft101-fr101,overview,01 개요,"XDM-FT101/XDM-FR101은 True 4K 3840x2160@60Hz(4:4:4) 해상도의 HDMI v2.0 신호를 싱글모드 광케이블 사용 시 최대 2km, 멀티모드 광케이블 사용 시 최대 300m까지 전송하는 광 송·수신기다.

XDM-FT101은 XDM-FIS100과, XDM-FR101은 XDM-FOS100과 호환된다. RS-232+ 기능으로 XDM 매트릭스의 커맨드를 통해 광 송·수신기의 RS-232 단자에 연결된 외부기기를 제어할 수 있다. 송신기는 Phoenix 5p 단자로 스테레오 오디오를 삽입하고, 수신기는 같은 방식으로 스테레오 오디오를 추출한다.","3625, 3629, 3689, 3710, 3714",XDM-FT101 오디오 단자 5핀 / 3핀,확인 필요,"개요·I/O·Port Map은 RS-232 공용 5핀 단자, EDID 절차는 3핀 Phoenix 오디오 케이블. 5핀 전체 중 오디오용 3핀을 뜻하는지, 실제 커넥터 수가 다른지 확인.",수정 제안 없음 — 근거 확인 후 판단
C05,3625,xdm-ft101-fr101,io[3].connector,제조사 자료(입출력 단자),Female Phoenix connector 5p,"3554, 3629, 3689, 3710, 3714",XDM-FT101 오디오 단자 5핀 / 3핀,확인 필요,"개요·I/O·Port Map은 RS-232 공용 5핀 단자, EDID 절차는 3핀 Phoenix 오디오 케이블. 5핀 전체 중 오디오용 3핀을 뜻하는지, 실제 커넥터 수가 다른지 확인.",수정 제안 없음 — 근거 확인 후 판단
C05,3629,xdm-ft101-fr101,io[3].condition,제조사 자료(입출력 단자),"XDM-FT101 · 오디오 삽입, RS-232와 같은 5p 단자","3554, 3625, 3689, 3710, 3714",XDM-FT101 오디오 단자 5핀 / 3핀,확인 필요,"개요·I/O·Port Map은 RS-232 공용 5핀 단자, EDID 절차는 3핀 Phoenix 오디오 케이블. 5핀 전체 중 오디오용 3핀을 뜻하는지, 실제 커넥터 수가 다른지 확인.",수정 제안 없음 — 근거 확인 후 판단
C05,3689,xdm-ft101-fr101,portMap[1].items[2].desc,02 Port Map,"오디오 삽입 + RS-232, 같은 5핀 Phoenix 단자","3554, 3625, 3629, 3710, 3714",XDM-FT101 오디오 단자 5핀 / 3핀,확인 필요,"개요·I/O·Port Map은 RS-232 공용 5핀 단자, EDID 절차는 3핀 Phoenix 오디오 케이블. 5핀 전체 중 오디오용 3핀을 뜻하는지, 실제 커넥터 수가 다른지 확인.",수정 제안 없음 — 근거 확인 후 판단
C05,3710,xdm-ft101-fr101,edidSwitch.desc,06 EDID 설정,"XDM-FT101 전면 MODE 로터리 스위치 하나로 EDID와 오디오를 함께 고른다. 0~3번은 HDMI에 실린 원래 소리(Source), 8~11번은 3핀 L·R 단자의 아날로그 오디오를 HDMI에 병합한다(Analog). 병합한 소리는 XDM-FR101 HDMI 출력과 L·R 오디오 출력으로 나간다.","3554, 3625, 3629, 3689, 3714",XDM-FT101 오디오 단자 5핀 / 3핀,확인 필요,"개요·I/O·Port Map은 RS-232 공용 5핀 단자, EDID 절차는 3핀 Phoenix 오디오 케이블. 5핀 전체 중 오디오용 3핀을 뜻하는지, 실제 커넥터 수가 다른지 확인.",수정 제안 없음 — 근거 확인 후 판단
C05,3714,xdm-ft101-fr101,edidSwitch.steps[1].items[2],06 EDID 설정,"오디오 병합은 8·9·10·11번 중 하나에 맞추고 전원을 연결한 뒤, 후면 L·R·⏚ 단자에 3핀 Phoenix 오디오 케이블을 연결한다.","3554, 3625, 3629, 3689, 3710",XDM-FT101 오디오 단자 5핀 / 3핀,확인 필요,"개요·I/O·Port Map은 RS-232 공용 5핀 단자, EDID 절차는 3핀 Phoenix 오디오 케이블. 5핀 전체 중 오디오용 3핀을 뜻하는지, 실제 커넥터 수가 다른지 확인.",수정 제안 없음 — 근거 확인 후 판단
C06,2390,qms-88ux,features[6].text,05 주요 기능,"멀티뷰 전용 출력 지원(출력 9·10번, 06 화면 구성 모드 참고)","2400, 2440, 2451, 2484",QMS-88UX 출력 9·10번 전용 범위,확인 필요,멀티뷰/쿼드 뷰 전용 출력이라고 설명하면서 비디오 월에도 사용 가능하다고 기재. 8+2 물리 출력 수 자체는 모순이 아니며 모드 적용 범위를 확인.,수정 제안 없음 — 근거 확인 후 판단
C06,2400,qms-88ux,specifications[2].value,04 제품 사양,HDMI 10 Ports(매트릭스 8 + 9·10번 쿼드뷰 전용),"2390, 2440, 2451, 2484",QMS-88UX 출력 9·10번 전용 범위,확인 필요,멀티뷰/쿼드 뷰 전용 출력이라고 설명하면서 비디오 월에도 사용 가능하다고 기재. 8+2 물리 출력 수 자체는 모순이 아니며 모드 적용 범위를 확인.,수정 제안 없음 — 근거 확인 후 판단
C06,2440,qms-88ux,io[2].condition,제조사 자료(입출력 단자),매트릭스 출력 1~8 + 9·10번 Quad-view(멀티뷰),"2390, 2400, 2451, 2484",QMS-88UX 출력 9·10번 전용 범위,확인 필요,멀티뷰/쿼드 뷰 전용 출력이라고 설명하면서 비디오 월에도 사용 가능하다고 기재. 8+2 물리 출력 수 자체는 모순이 아니며 모드 적용 범위를 확인.,수정 제안 없음 — 근거 확인 후 판단
C06,2451,qms-88ux,videoModes.modes[2].detail,06 화면 구성 모드,(출력 9·10번도 월에 사용 가능),"2390, 2400, 2440, 2484",QMS-88UX 출력 9·10번 전용 범위,확인 필요,멀티뷰/쿼드 뷰 전용 출력이라고 설명하면서 비디오 월에도 사용 가능하다고 기재. 8+2 물리 출력 수 자체는 모순이 아니며 모드 적용 범위를 확인.,수정 제안 없음 — 근거 확인 후 판단
C06,2484,qms-88ux,portMap.items[3].desc,02 Port Map,멀티뷰(쿼드 뷰) 전용 출력 · 한 화면에 최대 8분할,"2390, 2400, 2440, 2451",QMS-88UX 출력 9·10번 전용 범위,확인 필요,멀티뷰/쿼드 뷰 전용 출력이라고 설명하면서 비디오 월에도 사용 가능하다고 기재. 8+2 물리 출력 수 자체는 모순이 아니며 모드 적용 범위를 확인.,수정 제안 없음 — 근거 확인 후 판단
C07,1414,hd-d102u,korean,목록 카드,4K 60Hz 4:4:4를 지원하는 1입력 2출력 HDMI 2.0 18Gbps 분배기다.,"1417, 1420",HD-D102U HDMI 2.0 / 2.0b,확인 필요,"개요·목록은 HDMI 2.0, 주요 기능은 HDMI 2.0b. 상위 버전의 요약 표기인지 자료 간 버전 차이인지 확인; b를 임의로 추가·삭제하지 않음.",수정 제안 없음 — 근거 확인 후 판단
C07,1417,hd-d102u,overview,01 개요,"HD-D102U는 HDMI 신호용 고성능 분배기다. True HDMI 버전 2.0인 3840x2160p 60Hz 크로마샘플링 4:4:4 해상도를 지원한다.

하나의 HDMI 입력신호를 신호의 손실 없이 2개의 동일한 출력으로 분배한다. HDCP(고대역 디지털 콘텐츠 보호)와 EDID(디스플레이 식별 정보)를 완벽 지원하여 호환 이슈 없이 사용할 수 있다.","1414, 1420",HD-D102U HDMI 2.0 / 2.0b,확인 필요,"개요·목록은 HDMI 2.0, 주요 기능은 HDMI 2.0b. 상위 버전의 요약 표기인지 자료 간 버전 차이인지 확인; b를 임의로 추가·삭제하지 않음.",수정 제안 없음 — 근거 확인 후 판단
C07,1420,hd-d102u,features[1].text,05 주요 기능,"HDMI 2.0b, HDCP 2.2 지원","1414, 1417",HD-D102U HDMI 2.0 / 2.0b,확인 필요,"개요·목록은 HDMI 2.0, 주요 기능은 HDMI 2.0b. 상위 버전의 요약 표기인지 자료 간 버전 차이인지 확인; b를 임의로 추가·삭제하지 않음.",수정 제안 없음 — 근거 확인 후 판단
C08,3007,vdm,features[10].text,05 주요 기능,"EDID, HDCP 1.X 지원","4285, 4320, 4337, 4350, 4367",VDM 시리즈 HDCP 1.x / 일부 카드 HDCP 2.0,확인 필요,"시리즈 주요 기능은 1.x, 일부 카드 상세는 2.0. 카드별 지원 차이일 수 있으므로 대표 설명의 범위만 확인. 1.x 또는 2.0으로 임의 통일하지 않음.",수정 제안 없음 — 근거 확인 후 판단
C08,4285,CIS4-U,specs[7][2],카드 상세 정보 팝업,HDCP 2.0,"3007, 4320, 4337, 4350, 4367",VDM 시리즈 HDCP 1.x / 일부 카드 HDCP 2.0,확인 필요,"시리즈 주요 기능은 1.x, 일부 카드 상세는 2.0. 카드별 지원 차이일 수 있으므로 대표 설명의 범위만 확인. 1.x 또는 2.0으로 임의 통일하지 않음.",수정 제안 없음 — 근거 확인 후 판단
C08,4320,HOS4-U,specs[8][2],카드 상세 정보 팝업,HDCP 2.0,"3007, 4285, 4337, 4350, 4367",VDM 시리즈 HDCP 1.x / 일부 카드 HDCP 2.0,확인 필요,"시리즈 주요 기능은 1.x, 일부 카드 상세는 2.0. 카드별 지원 차이일 수 있으므로 대표 설명의 범위만 확인. 1.x 또는 2.0으로 임의 통일하지 않음.",수정 제안 없음 — 근거 확인 후 판단
C08,4337,HOS4S-UW,specs[6][2],카드 상세 정보 팝업,HDCP 2.0,"3007, 4285, 4320, 4350, 4367",VDM 시리즈 HDCP 1.x / 일부 카드 HDCP 2.0,확인 필요,"시리즈 주요 기능은 1.x, 일부 카드 상세는 2.0. 카드별 지원 차이일 수 있으므로 대표 설명의 범위만 확인. 1.x 또는 2.0으로 임의 통일하지 않음.",수정 제안 없음 — 근거 확인 후 판단
C08,4350,QOS4S-U,specs[5][2],카드 상세 정보 팝업,HDCP 2.0,"3007, 4285, 4320, 4337, 4367",VDM 시리즈 HDCP 1.x / 일부 카드 HDCP 2.0,확인 필요,"시리즈 주요 기능은 1.x, 일부 카드 상세는 2.0. 카드별 지원 차이일 수 있으므로 대표 설명의 범위만 확인. 1.x 또는 2.0으로 임의 통일하지 않음.",수정 제안 없음 — 근거 확인 후 판단
C08,4367,COS4-U,specs[7][2],카드 상세 정보 팝업,HDCP 2.0,"3007, 4285, 4320, 4337, 4350",VDM 시리즈 HDCP 1.x / 일부 카드 HDCP 2.0,확인 필요,"시리즈 주요 기능은 1.x, 일부 카드 상세는 2.0. 카드별 지원 차이일 수 있으므로 대표 설명의 범위만 확인. 1.x 또는 2.0으로 임의 통일하지 않음.",수정 제안 없음 — 근거 확인 후 판단
