용어 묶음,채택 표기,허용 예외(위치·조건),바꿀 표기,근거,예상 변경 건수
T01 송신기·수신기와 TX·RX,일반 설명: 송신기 / 수신기,"Port Map 라벨, 연결도, 모드·딥 스위치 설명은 TX/RX 허용. 최초 독립 설명에서 송신기(TX)·수신기(RX) 병기 허용. RS-232 Tx/Rx 핀과 SPX-TX/RX 모델명 보존.","장비 자체를 가리키는 TX/RX, Transmitter/Receiver","AMX PR01-RX 및 Kramer WP-20 한국어 자료에서 수신기·송신기 사용. 역할과 핀 이름을 구분하는 편집 기준. [S1,S2] | S1 https://www.amx.com/ko/products/pr01-rx.html | S2 https://oauth.kramerav.com/kr/product/wp-20",확정 7행 / 검토 1행
T02 TX·RX 대소문자,편집자가 붙인 역할 약어: TX / RX,"실크 인쇄, RS-232 핀, 공식 모델명은 실제 대소문자 유지. 역할 약어를 한국어로 바꿀 T01 행은 여기서 중복 계산하지 않음.",장비 역할을 뜻하는 Tx / Rx,장비 역할과 직렬 신호 핀을 구분하는 사이트 편집 기준.,확정 18행 / 검토 0행
T03 송·수신기 / 송수신기,세트·총칭: 송·수신기; 단일 겸용 장비: 송수신기,문장 안의 송신기와 수신기는 자연스러운 풀어쓰기이므로 허용. 단일 겸용 장비에 세트 의미를 부여하지 않음.,총칭의 송수신기 / 단일 겸용 장비의 송·수신기,기기 수와 동작 역할을 보존하는 의미 기준. CSV에서 XDM-CTR100의 역할 전환이 명시됨. 동시 양방향 지원을 새로 주장하지 않음.,확정 20행 / 검토 0행
T04 입력 카드 / 출력 카드 / 보드,입력 카드 / 출력 카드 / 입출력 카드,"공식 영문 제품·카드 제목의 Input Board/Output Board는 유지. 내부 PCB는 보드, 카드가 꽂히는 공간은 슬롯으로 구분.",탈착형 모듈을 뜻하는 입력 보드·출력 보드·입출력 보드·I/O 보드·보드당,"Kramer는 입출력 카드, AMX는 입출력 보드를 사용하므로 업계 단일 표준은 아님. 구성기의 카드 UI와 맞춰 카드 채택. [S3,S4] | S3 https://www1.kramerav.com/kr/product/vs-1616dn-em | S4 https://www.amx.com/ko/products/dgx1600-enc",확정 33행 / 검토 0행
T05 오디오 병합 / 삽입 / Embedding,오디오 삽입; 최초 설명에서 오디오 삽입(임베딩),HDMI/SDI에 오디오를 실어 보내는 기능에 한함. 실제 음원 혼합은 오디오 믹싱으로 별도 유지. MUX·Analog·Source 라벨 보존.,오디오 병합 및 같은 기능을 뜻하는 병합 활용형 / 설명 안의 Embedding,Kramer WP-20은 오디오 임베딩을 사용. 발주처 이해를 위해 삽입을 주표기로 채택하는 편집 제안. 믹싱과 동일시하지 않음. [S2] | S2 https://oauth.kramerav.com/kr/product/wp-20,확정 80행 / 검토 17행
T06 오디오 추출 / De-embedding,오디오 추출; 최초 설명에서 오디오 추출(디임베딩),이미 쓰인 오디오 추출 및 추출은 유지. HDMI Embedded Audio는 이미 신호에 실린 오디오 상태이므로 기능명 임베딩으로 바꾸지 않음.,한국어 설명 속 Extraction / De-embedding / De-embedded,Kramer는 오디오 임베딩·디임베딩을 사용. 한국어 UI는 삽입/추출의 대칭성과 이해도를 우선. [S3] | S3 https://www1.kramerav.com/kr/product/vs-1616dn-em,확정 1행 / 검토 0행
T07 광케이블 / Fiber,케이블: 광케이블; 전송 매체·신호: 광,"Fiber를 모두 광케이블로 치환하지 않음. FIBER IN/OUT, 공식 영문 제목·인용은 유지. 광 입력/광 출력/광 신호처럼 수식 대상에 맞게 사용.",케이블 의미의 Fiber·광 케이블·파이버 / 인터페이스 의미의 Fiber Optical,Extron 한국어 자료는 광 케이블·싱글모드·멀티모드를 사용. 광케이블 붙임은 기존 사이트 사용과 일치시키는 자체 기준. [S5] | S5 https://media.extron.com/public/download/files/brochure/xtp_system_REV_E5_kr_ONLINE.pdf,확정 15행 / 검토 5행
T08 싱글모드,싱글모드,"SM/SMF 등 제조사 라벨·공식 명칭, 영어 인용 유지. 케이블 종류나 거리는 변경하지 않음.",싱글 모드 / Single Mode / Single-mode / Singlemode,Extron 한국어 광신호 제품 및 XTP 자료의 싱글모드 용례. [S5] | S5 https://media.extron.com/public/download/files/brochure/xtp_system_REV_E5_kr_ONLINE.pdf,확정 5행 / 검토 1행
T09 멀티모드,멀티모드,"MM/MMF·OM3 등 등급, 공식 명칭·영어 인용 유지.",멀티 모드 / Multi Mode / Multi-mode / Multimode,Extron 한국어 광신호 제품 및 XTP 자료의 멀티모드 용례. [S5] | S5 https://media.extron.com/public/download/files/brochure/xtp_system_REV_E5_kr_ONLINE.pdf,확정 6행 / 검토 0행
T10 분배기 / Splitter,분배기,제조사 공식 영문 제품명·인용은 유지. 사이트 설명용 분류 태그와 일반 유형 설명은 한국어로 변경. 입력 선택형 분배기와 매트릭스를 동일시하지 않음.,설명용 Splitter / 스플리터,Kramer 한국어 자료는 분배기·분배증폭기를 사용. 본 사이트의 분배기는 그대로 분배기로 통일. [S6] | S6 https://www1.kramerav.com/kr/product/vm-218dt,확정 15행 / 검토 2행
T11 선택기 / 스위처 / Switcher,스위처; 매트릭스 기능은 매트릭스 스위처,고유 시리즈명·제조사 영문 인용은 보존. 매트릭스 문맥 안에서 매트릭스 축약 허용. 제품 역할은 바꾸지 않음.,선택기 / 셀렉터 / 일반 설명용 Switcher·Matrix Switcher,"AMX PR-WP-412와 Kramer 매트릭스 제품의 스위처 용례. 선택 기능과 다중 출력 라우팅은 구분. [S3,S7] | S3 https://www1.kramerav.com/kr/product/vs-1616dn-em | S7 https://www.amx.com/ko/products/PR-WP-412",확정 20행 / 검토 0행
T12 심리스 / Seamless,심리스 스위칭,제조사 기술명·브랜드명은 보존. 문맥상 심리스 전환/심리스 허용. 기능 명칭만 통일하며 무지연·무중단 성능을 추가하지 않음.,일반 설명의 Seamless Switching / Seamless,AMX 공식 한국어 자료의 심리스 스위칭 용례. [S7] | S7 https://www.amx.com/ko/products/PR-WP-412,확정 2행 / 검토 0행
T13 스케일링 / Scaling / Scaler,기능: 스케일링; 장치: 스케일러,업스케일링·다운스케일링은 방향을 보존. Non-Scaler와 공식 제목은 유지. 스케일러를 스케일링으로 일괄 치환하지 않음.,설명·사양의 Scaling / Up scaling and Down scaling,AMX PR01-RX는 장치명 스케일러와 기능명 스케일링을 구분. [S1] | S1 https://www.amx.com/ko/products/pr01-rx.html,확정 1행 / 검토 1행
T14 핫스왑 / Hot-swap,핫스왑,Hot-plug·이중화와 서로 대체하지 않음. 공식 영문 제목·인용 보존.,핫 스왑 / Hot-swap / Hot Swap,"Extron은 핫스왑·핫 스왑, AMX는 핫 스왑 용례가 있음. 기존 사이트의 핫스왑에 맞추는 자체 띄어쓰기 기준. [S4,S5] | S4 https://www.amx.com/ko/products/dgx1600-enc | S5 https://media.extron.com/public/download/files/brochure/xtp_system_REV_E5_kr_ONLINE.pdf",확정 4행 / 검토 0행
T15 패스스루 / Pass-through,패스스루,"제조사 설정명 Through-pass, Through-pass EDID Fix 및 이를 직접 참조하는 문구는 유지. EDID 고정·복사와 패스스루를 같은 기능으로 합치지 않음.",일반 설명의 Pass-through / Pass through / 패스 스루,Kramer 한국어 자료에도 패스쓰루 음역이 사용됨. 본 사이트 기존 패스스루에 맞추는 편집 선택. [S6] | S6 https://www1.kramerav.com/kr/product/vm-218dt,확정 4행 / 검토 1행
T16 Phoenix / 피닉스,일반 단자 설명: 피닉스 단자,Phoenix Contact/피닉스컨택트는 브랜드명이므로 보존. 제조사 자료의 커넥터 이름은 원문 유지. 핀 수·성별·피치는 변경하지 않음.,편집 설명 안의 Phoenix / phoenix,피닉스컨택트 공식 한국어 명칭을 참고하되 피닉스 단자를 해당 회사 정품이라는 뜻으로 확대하지 않는 사이트 기준. [S8] | S8 https://www.phoenixcontact.com/ko-kr/,확정 9행 / 검토 1행
T17 로터리 / Rotary,로터리 스위치,MODE·EDID·0·F·E·SET 등 인쇄된 문자 유지. 같은 문단 안에서도 부품 이름은 로터리 스위치로 표기. 코드 속 rotary 변수는 대상 아님.,설명 속 단독 로터리 / Rotary switch,회전식 선택 부품의 이름을 명확히 하는 자체 편집 기준. CSV의 주표기와 일치.,확정 13행 / 검토 0행
T18 비디오 월 / 비디오월 / Video Wall,비디오 월,"공식 제품·모드 이름, 원문 인용은 유지. 비디오 월과 멀티뷰를 동의어로 처리하지 않음.",비디오월 / 일반 설명의 Video Wall,여러 디스플레이를 구성하는 기능과 한 화면의 다중 입력 표시를 구분하는 편집 기준.,확정 15행 / 검토 0행
T19 멀티뷰 / 멀티 뷰 / Multi-view,멀티뷰,4분할·8분할·16분할 수식어 보존. 실제 메뉴명 Multi-view는 유지. 쿼드뷰를 멀티뷰로 일괄 대체하지 않음.,멀티 뷰 / 일반 설명의 Multi-view,"상위 기능명은 멀티뷰, 분할 개수는 별도 속성으로 두는 사이트 기준.",확정 3행 / 검토 0행
T20 쿼드 뷰 / 쿼드뷰 / Quad View,기능: 쿼드뷰; 장치·카드 유형: 쿼드뷰어,제조사 메뉴·공식 제목 보존. QMS-88UX는 확인 전 명칭 유지. 쿼드를 근거로 숫자를 4로 변경하지 않음.,쿼드 뷰 / 쿼드 뷰어 / 일반 설명의 Quad View·Quad Viewer,"멀티뷰는 상위 개념, 쿼드는 통상 4분할 수식임을 구분하는 자체 기준. 이 CSV의 QMS-88UX는 예외 검토가 필요.",확정 11행 / 검토 4행
T21 전송거리 / 전송 거리,전송 거리,모델명·원문 인용은 유지. 최대 전송 거리처럼 수식어를 보존.,전송거리,기능과 측정량을 구분하고 검색어를 일치시키는 자체 띄어쓰기 기준.,확정 28행 / 검토 0행
T22 터치패널 / 터치 패널 / Touch Screen,터치 패널,장비 전면 조작 패널을 뜻할 때 적용. 화면 자체의 터치 기능을 말하면 터치스크린 허용. 원래 크기와 단위는 이번 용어 기준에서 변경하지 않음.,터치패널 / 대상이 같은 경우 Touch Screen,AMX 한국어 자료의 터치 패널 용례. 터치스크린은 화면 자체를 가리킬 수 있으므로 조건부 통일. [S9] | S9 https://www.amx.com/ko/products/mvp-9000i.html,확정 4행 / 검토 6행
T23 리던던트 / 이중화,특성: 전원 이중화; 부품: 이중화 전원,원문의 듀얼·예비·N+1·핫스왑 조건 보존. 이중화만으로 무중단 전환 성능을 추가하지 않음.,리던던트 파워 / Redundant power,AMX DGX800 한국어 자료의 이중화 전원 공급 장치 용례. [S10] | S10 https://www.amx.com/ko/products/dgx800-enc/1000,확정 2행 / 검토 0행
T24 모델명 축약,본문·표·버튼에서 전체 카탈로그 모델명 사용,같은 단락에서도 접두사 생략 금지. 문서의 공식 제목·공식 복수 모델 병기(XDM-CT103/CR103 등)와 HD-104U (HD-14U)는 유지. VDM 카드 HIS4-U에 임의로 VDM-를 붙이지 않음.,대응 모델이 명확한 CTR100·HOS12·CIS100 등 단독 축약,팝업·검색 결과·연결도는 문맥이 분리되므로 독립적으로 모델을 식별할 수 있어야 함. 제조사 표기와 CSV 라인업을 대조하는 자체 기준.,확정 58행 / 검토 2행
T25 입출력 규모,"8×8 — 입력 수×출력 수, 공백 없음",해상도의 x는 확정 기준 유지. 크기는 기존 × 유지. 모델명·영문 원문 보존. 8 입력 / 8 출력처럼 의미를 풀어 쓴 표현은 허용. 설명용 분류명 1x3 HDMI 18Gbps Splitter는 기호와 용어를 함께 통일.,입출력 규모의 8x8·8X8·8 × 8,"Extron·Kramer 자료에는 x, AMX 자료에는 ×와 x가 함께 쓰임. 업계 강제 표준이 아니라 해상도와 구분하기 위한 사이트 기준. [S3,S5,S11] | S3 https://www1.kramerav.com/kr/product/vs-1616dn-em | S5 https://media.extron.com/public/download/files/brochure/xtp_system_REV_E5_kr_ONLINE.pdf | S11 https://www.amx.com/ko/products/nmx-enc-n1133a-c-encoder-card",확정 29행 / 검토 1행
T26 화면 배열 곱셈 기호,2×2 — 원문 배열 순서 유지,입출력 규모와 별도 의미. 세로×가로인지 가로×세로인지는 원문 정의 유지. 해상도·모델명은 대상 아님.,화면 배열의 2x2·3X3 등,입출력 규모와 같은 ×를 쓰되 숫자·배열 방향을 재해석하지 않는 자체 기준.,확정 4행 / 검토 0행
